DepMap_ID,AFAP1 (60312) Dep,AMOTL2 (51421) Dep,ARL14 (80117) Dep,ASH2L (9070) Dep,ATP6AP1 (537) Dep,ATP6AP2 (10159) Dep,BUD13 (84811) Dep,CCDC9B (388115) Dep,CDC26 (246184) Dep,CDKN1A (1026) Dep,CDKN1C (1028) Dep,CDKN2C (1031) Dep,CLDN7 (1366) Dep,DAB2IP (153090) Dep,DOK1 (1796) Dep,DROSHA (29102) Dep,EIF2S3 (1968) Dep,ENC1 (8507) Dep,EPHA2 (1969) Dep,FDXR (2232) Dep,GEMIN8 (54960) Dep,GLE1 (2733) Dep,GRB10 (2887) Dep,GSS (2937) Dep,ICE1 (23379) Dep,IGBP1 (3476) Dep,INTS10 (55174) Dep,INTS9 (55756) Dep,KIRREL1 (55243) Dep,LATS2 (26524) Dep,MED10 (84246) Dep,MED19 (219541) Dep,MRPL33 (9553) Dep,NKAP (79576) Dep,NKAPD1 (55216) Dep,NRP1 (8829) Dep,NSMCE4A (54780) Dep,NSRP1 (84081) Dep,NUAK2 (81788) Dep,NUP42 (11097) Dep,NUP58 (9818) Dep,PEDS1 (387521) Dep,PGM3 (5238) Dep,PHLDA3 (23612) Dep,PKP3 (11187) Dep,PLEKHN1 (84069) Dep,PLPP2 (8612) Dep,PRAG1 (157285) Dep,PROSER2 (254427) Dep,PTK6 (5753) Dep,PTPN14 (5784) Dep,PYCARD (29108) Dep,QPRT (23475) Dep,RAD1 (5810) Dep,RFTN1 (23180) Dep,RINT1 (60561) Dep,RNF113A (7737) Dep,RPA2 (6118) Dep,RPAIN (84268) Dep,RPL30 (6156) Dep,SESN3 (143686) Dep,SLC43A1 (8501) Dep,SLFN11 (91607) Dep,SRPRA (6734) Dep,ST6GALNAC2 (10610) Dep,STING1 (340061) Dep,TAF1D (79101) Dep,TMOD3 (29766) Dep,TSPAN5 (10098) Dep,UROD (7389) Dep,USE1 (55850) Dep,USPL1 (10208) Dep,UXT (8409) Dep,VMA21 (203547) Dep,VPS36 (51028) Dep,VPS53 (55275) Dep,WBP11 (51729) Dep,WTAP (9589) Dep,ZC3H13 (23091) Dep
AFAP1 (60312) Exp,-0.213,-0.238,-0.046,0.07,-0.158,-0.192,-0.064,-0.146,0.105,-0.045,-0.077,0.028,0.02,-0.102,0.049,-0.149,0.071,-0.162,-0.205,-0.03,0.144,0.061,0.007,-0.2,-0.011,-0.068,0.046,0.197,-0.233,-0.214,-0.212,-0.291,-0.226,-0.13,0.199,-0.218,0.045,0.103,-0.068,0.013,0.237,-0.171,-0.167,-0.001,-0.048,-0.126,-0.081,-0.178,-0.05,-0.052,-0.191,0.044,0.055,-0.081,-0.131,0.051,-0.048,-0.047,0.009,0.068,0.056,0.122,-0.043,-0.038,-0.017,-0.074,0.174,-0.099,-0.156,-0.236,0.092,0.137,0.022,-0.103,0.05,-0.043,-0.038,0.018,0.073
AMOTL2 (51421) Exp,-0.142,-0.253,-0.082,0.104,-0.057,-0.1,-0.052,-0.06,0.14,-0.015,0.007,0.113,-0.006,-0.065,0.178,-0.222,0.066,-0.184,-0.342,-0.072,0.158,0.067,0.013,-0.248,0.029,-0.019,0.036,0.231,-0.152,-0.229,-0.226,-0.299,-0.226,-0.029,0.266,-0.144,-0.011,0.149,-0.211,0.014,0.287,-0.225,-0.132,-0.123,-0.12,-0.148,-0.151,-0.245,-0.121,-0.115,-0.184,0.048,0.062,-0.167,-0.1,0.061,0.021,0.011,0.076,0.044,0.095,0.225,-0.012,0.007,-0.103,-0.071,0.143,-0.171,-0.081,-0.143,0.106,0.206,0.101,-0.127,0.084,-0.069,0.018,0.135,0.211
ARL14 (80117) Exp,-0.105,-0.26,-0.218,0.138,0.032,0.054,-0.05,-0.111,-0.019,-0.032,-0.071,0.123,-0.102,-0.066,0.167,-0.199,0.057,-0.16,-0.324,-0.043,0.175,-0.025,0.044,-0.209,-0.05,-0.093,0.053,0.119,-0.031,-0.109,-0.107,-0.129,-0.149,-0.095,0.111,-0.171,0.004,0.104,-0.218,-0.013,0.21,-0.193,0.049,-0.192,-0.252,-0.172,-0.224,-0.324,-0.238,-0.206,-0.175,-0.09,0.092,-0.147,0.032,0.013,-0.024,0.011,0.075,-0.013,0.159,0.184,0.01,-0.027,-0.143,-0.059,0.119,-0.209,-0.041,0.009,0.128,0.177,0.195,-0.039,0.147,0.034,-0.044,0.253,0.249
ASH2L (9070) Exp,-0.003,0.097,0.074,-0.335,-0.039,-0.063,-0.024,0.046,0.032,0.021,0.044,-0.106,0.039,-0.016,-0.147,0.122,0.035,0.069,0.205,0.037,-0.103,0.025,-0.018,0.134,-0.023,0.037,-0.048,-0.081,-0.005,0.018,0.039,0.073,0.042,0.043,-0.083,0.088,0.05,-0.051,0.141,-0.006,-0.12,0.114,-0.02,0.098,0.139,0.095,0.095,0.146,0.152,0.126,0.084,-0.009,-0.081,0.077,-0.045,-0.012,0.014,-0.064,-0.082,-0.088,-0.08,-0.1,-0.028,-0.015,0.078,-0.027,-0.101,0.146,-0.0,0.025,-0.065,-0.136,-0.079,0.067,-0.087,-0.032,-0.005,-0.155,-0.145
ATP6AP1 (537) Exp,-0.031,-0.037,0.045,-0.003,-0.204,-0.202,-0.099,-0.055,0.2,0.015,0.033,0.034,0.011,-0.059,0.05,-0.141,0.011,-0.09,-0.052,-0.104,0.01,0.093,-0.03,-0.085,0.025,0.011,0.094,0.183,-0.123,-0.094,-0.1,-0.101,-0.087,-0.071,0.14,-0.05,-0.049,0.07,-0.02,-0.042,0.18,-0.168,-0.063,0.078,-0.011,0.004,-0.082,-0.053,0.041,0.016,-0.039,0.041,-0.022,-0.149,-0.089,0.005,-0.066,-0.014,0.022,0.01,-0.029,0.115,0.01,-0.028,-0.044,-0.042,0.036,-0.056,-0.083,-0.139,-0.015,0.077,-0.077,-0.235,0.029,-0.079,0.01,0.086,0.101
ATP6AP2 (10159) Exp,-0.097,-0.159,0.006,0.028,-0.24,-0.297,-0.034,-0.054,0.123,-0.116,0.016,0.039,0.105,-0.024,0.034,-0.197,-0.077,-0.143,-0.13,-0.105,-0.067,0.01,-0.023,-0.105,-0.016,-0.076,0.072,0.207,-0.211,-0.215,-0.195,-0.219,-0.243,-0.118,0.177,-0.131,-0.029,0.064,-0.051,0.018,0.129,-0.183,-0.133,0.052,0.011,-0.079,-0.094,-0.087,-0.007,0.037,-0.164,0.083,0.057,-0.141,-0.17,0.012,-0.107,-0.051,0.01,0.102,-0.035,0.091,-0.032,-0.063,-0.028,-0.03,0.153,-0.054,-0.103,-0.236,0.002,0.09,-0.182,-0.121,0.039,-0.094,-0.042,0.042,0.061
BUD13 (84811) Exp,0.055,0.157,0.009,-0.022,0.068,0.079,-0.226,0.07,0.013,0.235,0.008,-0.086,0.0,-0.001,-0.102,0.123,0.007,0.162,0.165,0.115,0.031,-0.005,0.029,0.129,-0.046,-0.003,-0.069,-0.056,0.079,0.136,0.135,0.069,0.144,-0.003,-0.236,0.077,-0.005,0.031,0.089,-0.049,-0.041,0.166,-0.056,0.042,0.082,0.098,0.092,0.064,0.106,0.006,0.109,-0.043,-0.018,0.069,0.027,-0.032,-0.004,-0.056,-0.156,-0.121,0.01,-0.172,-0.002,-0.102,0.102,0.048,-0.264,0.115,0.039,0.217,0.069,-0.117,0.041,0.087,-0.038,0.004,0.001,-0.05,-0.025
CCDC9B (388115) Exp,-0.128,-0.261,-0.097,0.113,-0.143,-0.164,-0.039,-0.266,0.122,-0.046,-0.076,0.019,-0.021,-0.041,0.084,-0.157,0.081,-0.228,-0.298,-0.09,0.144,0.027,0.024,-0.259,0.008,-0.074,0.034,0.226,-0.22,-0.245,-0.128,-0.206,-0.307,-0.106,0.22,-0.275,0.068,0.112,-0.14,-0.02,0.265,-0.181,0.012,-0.1,-0.158,-0.197,-0.189,-0.284,-0.158,-0.109,-0.279,0.002,0.032,-0.13,-0.123,0.059,-0.052,-0.021,0.077,0.08,0.077,0.24,0.012,0.021,-0.077,-0.129,0.22,-0.192,-0.127,-0.166,0.018,0.163,0.045,-0.1,0.144,0.002,0.037,0.149,0.155
CDC26 (246184) Exp,-0.033,-0.072,-0.024,0.062,-0.049,-0.034,0.02,0.063,-0.206,0.028,-0.039,0.021,0.02,-0.011,0.043,-0.026,-0.053,-0.032,-0.079,0.101,0.05,-0.188,0.02,-0.082,-0.095,-0.089,-0.074,-0.028,-0.094,-0.043,-0.049,-0.049,-0.065,-0.049,0.006,-0.072,-0.008,-0.019,-0.039,-0.044,0.055,-0.032,-0.1,-0.079,-0.062,-0.029,0.011,-0.054,-0.0,-0.041,-0.055,-0.004,0.037,-0.041,-0.029,-0.021,-0.029,-0.059,-0.031,0.012,0.027,0.005,-0.014,-0.026,-0.012,-0.049,0.078,0.007,-0.03,-0.008,0.127,0.018,0.126,0.079,-0.037,0.053,-0.046,0.031,0.005
CDKN1A (1026) Exp,-0.057,-0.137,-0.014,-0.036,-0.086,-0.068,0.079,-0.067,-0.095,-0.497,0.012,0.123,-0.042,-0.038,0.01,-0.031,-0.004,-0.158,-0.132,-0.214,0.015,-0.052,0.098,-0.06,0.011,-0.0,0.083,0.006,-0.038,-0.118,-0.072,-0.003,-0.107,-0.049,0.107,-0.05,0.004,-0.037,-0.053,-0.013,-0.091,-0.037,0.005,-0.096,-0.012,-0.118,-0.011,-0.016,-0.097,-0.02,-0.047,0.08,0.104,0.001,-0.003,-0.1,-0.048,0.016,0.038,0.162,0.069,0.039,-0.059,-0.029,-0.118,0.0,0.216,-0.018,-0.002,-0.209,-0.024,-0.031,-0.099,0.008,0.034,-0.061,-0.044,-0.159,-0.089
CDKN1C (1028) Exp,-0.023,-0.019,0.041,-0.063,-0.072,-0.125,-0.037,-0.024,0.05,0.101,-0.272,0.054,0.035,-0.019,0.019,-0.011,0.037,-0.023,-0.018,-0.036,0.08,0.057,0.052,-0.107,0.042,-0.025,0.017,0.072,-0.075,-0.036,-0.071,-0.093,-0.069,-0.025,0.046,0.034,0.017,0.039,-0.07,0.005,0.084,-0.098,-0.056,0.03,-0.033,-0.066,0.016,-0.036,0.012,-0.007,-0.051,-0.014,-0.053,-0.048,-0.062,-0.008,-0.02,-0.018,-0.01,-0.014,0.04,0.065,0.018,0.048,0.025,-0.004,0.028,0.033,-0.047,-0.148,-0.013,0.005,-0.011,-0.074,0.014,-0.044,-0.06,-0.034,0.055
CDKN2C (1031) Exp,0.028,0.048,0.128,-0.069,-0.054,-0.084,-0.096,0.033,0.097,0.108,0.059,-0.203,0.096,0.109,-0.164,0.043,0.037,0.074,0.171,0.004,-0.084,0.006,-0.029,0.083,0.051,-0.018,-0.056,-0.023,-0.127,-0.033,0.046,-0.041,-0.071,0.037,-0.05,-0.01,-0.021,-0.017,0.13,0.01,0.027,0.07,-0.114,0.134,0.177,0.124,0.131,0.129,0.164,0.146,-0.029,0.05,-0.002,0.011,-0.138,0.013,0.006,-0.079,-0.136,-0.001,-0.105,-0.09,-0.067,-0.02,0.147,-0.002,-0.095,0.085,-0.053,-0.056,-0.056,-0.03,-0.102,-0.048,-0.103,-0.029,0.074,-0.096,-0.051
CLDN7 (1366) Exp,-0.001,-0.076,-0.176,0.082,0.087,0.101,-0.008,-0.017,-0.005,0.083,-0.0,0.17,-0.204,-0.089,0.211,-0.175,0.04,-0.036,-0.192,-0.082,0.163,0.034,0.078,-0.105,-0.015,0.032,0.039,0.079,0.166,0.045,-0.03,-0.012,0.026,0.01,0.059,-0.019,0.0,0.123,-0.128,-0.034,0.138,-0.123,0.015,-0.163,-0.262,-0.089,-0.237,-0.174,-0.16,-0.208,0.043,-0.192,0.0,-0.123,0.07,0.014,0.02,0.092,0.132,-0.16,0.114,0.16,0.039,0.039,-0.147,-0.034,-0.017,-0.201,0.035,0.092,0.122,0.112,0.188,0.009,0.148,-0.007,-0.045,0.244,0.238
DAB2IP (153090) Exp,-0.05,0.021,-0.068,0.042,-0.015,-0.03,0.062,0.002,0.002,0.018,-0.018,0.038,-0.116,-0.275,0.149,-0.053,0.036,-0.059,-0.118,-0.052,0.155,0.053,-0.031,-0.206,0.043,0.101,0.061,0.048,0.049,0.029,-0.036,-0.046,0.037,0.057,0.156,-0.002,0.04,0.027,-0.025,-0.1,0.095,-0.141,-0.095,-0.149,-0.121,-0.045,-0.107,-0.077,-0.044,-0.071,0.047,-0.045,-0.018,-0.06,-0.016,0.021,0.079,0.064,0.129,-0.079,0.06,0.119,0.014,0.106,-0.074,-0.041,0.008,-0.079,-0.02,-0.093,0.075,0.091,0.169,0.039,0.015,0.017,-0.04,0.065,0.065
DOK1 (1796) Exp,0.016,0.025,0.117,-0.097,-0.003,-0.054,-0.037,0.008,0.011,0.056,-0.012,-0.097,0.123,0.035,-0.246,0.104,0.072,0.036,0.219,0.065,-0.072,-0.017,-0.035,0.168,-0.004,-0.009,-0.083,-0.057,-0.125,-0.022,0.059,0.006,-0.09,-0.006,-0.064,-0.009,0.011,-0.038,0.081,0.054,-0.076,0.133,-0.082,0.169,0.188,0.067,0.196,0.145,0.188,0.112,-0.048,0.055,-0.085,0.099,-0.099,0.024,-0.058,-0.073,-0.11,0.102,-0.073,-0.122,-0.049,-0.042,0.144,-0.02,-0.021,0.131,-0.057,0.022,-0.04,-0.122,-0.114,-0.037,-0.109,-0.002,-0.012,-0.135,-0.048
DROSHA (29102) Exp,-0.001,0.08,-0.011,-0.014,0.058,0.027,-0.031,0.01,0.005,0.158,0.017,-0.008,-0.006,-0.043,-0.008,-0.212,-0.02,0.061,0.068,0.034,0.041,0.017,-0.086,-0.02,-0.141,0.014,-0.065,0.01,0.034,0.014,-0.19,-0.105,0.031,0.02,-0.011,0.027,-0.012,0.044,-0.021,-0.069,0.025,-0.032,-0.118,-0.008,-0.045,0.038,-0.051,0.014,0.058,-0.032,0.033,-0.058,-0.009,-0.137,-0.052,0.02,0.023,-0.026,-0.029,-0.097,-0.007,-0.027,-0.012,0.007,0.023,-0.008,-0.145,-0.02,-0.028,0.073,0.023,0.058,0.029,0.023,-0.034,-0.026,0.024,0.028,0.04
EIF2S3 (1968) Exp,0.06,0.079,0.049,-0.0,0.04,0.074,-0.007,0.12,-0.039,-0.022,0.087,-0.036,0.027,-0.02,-0.034,0.084,-0.232,0.163,0.074,0.121,-0.22,-0.048,0.005,0.148,-0.065,0.008,-0.113,-0.074,0.08,0.031,0.0,0.01,0.158,-0.031,-0.076,0.109,-0.032,-0.071,0.077,-0.004,-0.164,0.163,0.035,0.065,0.091,0.103,0.064,0.082,0.13,0.05,0.076,0.101,-0.036,0.061,0.061,-0.051,-0.051,-0.118,-0.078,-0.017,-0.006,-0.113,-0.001,-0.041,0.058,0.052,-0.136,0.146,0.105,0.16,-0.051,-0.149,-0.111,0.079,-0.058,-0.006,-0.106,-0.108,-0.056
ENC1 (8507) Exp,-0.085,-0.142,-0.059,0.034,-0.093,-0.148,-0.083,-0.08,0.066,-0.032,-0.042,0.114,0.007,-0.133,0.046,-0.141,0.136,-0.216,-0.221,-0.098,0.105,0.068,-0.017,-0.154,-0.017,-0.01,0.049,0.15,-0.153,-0.147,-0.133,-0.164,-0.193,-0.045,0.111,-0.135,-0.04,0.028,-0.083,-0.022,0.15,-0.144,-0.098,-0.027,-0.074,-0.117,-0.054,-0.242,-0.031,-0.026,-0.165,-0.033,-0.015,-0.087,-0.08,-0.027,-0.055,0.034,0.016,0.038,0.053,0.08,0.025,0.002,-0.003,-0.015,0.103,-0.119,-0.129,-0.121,0.057,0.086,-0.014,-0.075,0.081,-0.078,-0.081,0.071,0.094
EPHA2 (1969) Exp,-0.14,-0.274,-0.183,0.121,-0.033,-0.075,-0.07,-0.148,0.118,-0.071,-0.057,0.058,-0.004,-0.107,0.148,-0.138,0.057,-0.196,-0.348,-0.033,0.189,0.058,0.014,-0.272,0.041,-0.042,0.052,0.159,-0.171,-0.188,-0.141,-0.185,-0.198,-0.06,0.251,-0.24,0.007,0.135,-0.204,0.005,0.234,-0.222,-0.073,-0.144,-0.147,-0.193,-0.193,-0.307,-0.144,-0.157,-0.247,0.008,0.083,-0.095,-0.071,0.019,0.003,-0.007,0.111,0.073,0.159,0.181,0.014,-0.041,-0.105,-0.103,0.202,-0.159,-0.083,-0.109,0.087,0.189,0.15,-0.092,0.128,-0.016,0.002,0.145,0.217
FDXR (2232) Exp,0.025,0.096,0.035,-0.076,0.027,0.027,0.119,0.032,-0.054,-0.229,0.005,0.098,-0.073,-0.119,0.051,0.081,-0.031,0.005,-0.01,-0.21,-0.037,0.014,0.088,-0.034,-0.003,0.083,-0.042,-0.136,0.173,0.035,-0.029,0.036,0.14,0.017,0.041,0.116,-0.027,-0.094,0.037,-0.036,-0.126,0.038,0.02,-0.136,0.027,-0.058,0.034,0.056,0.028,-0.062,0.082,0.092,-0.017,0.055,0.089,-0.094,0.043,0.059,0.039,0.034,0.001,0.05,0.01,0.045,-0.059,0.039,0.015,0.035,0.113,-0.016,-0.086,-0.109,-0.082,0.006,-0.068,-0.084,-0.061,-0.15,-0.078
GEMIN8 (54960) Exp,0.018,0.02,0.082,-0.086,-0.005,-0.007,-0.041,0.022,0.014,-0.019,0.042,-0.066,0.051,0.006,-0.094,0.124,-0.096,0.076,0.122,0.011,-0.347,0.001,0.042,0.109,0.022,0.076,-0.14,-0.04,0.006,-0.004,0.016,0.009,0.024,0.032,-0.065,0.069,-0.026,-0.066,0.081,-0.007,-0.121,0.13,-0.034,0.061,0.119,0.112,0.133,0.133,0.189,0.084,0.04,0.034,-0.036,-0.032,-0.012,0.015,-0.007,-0.026,-0.069,0.047,-0.036,-0.126,0.001,-0.018,0.066,0.118,-0.072,0.114,0.05,0.024,-0.026,-0.111,-0.153,0.042,-0.032,-0.04,-0.059,-0.071,-0.05
GLE1 (2733) Exp,-0.001,0.069,-0.025,-0.006,-0.006,0.019,0.045,0.095,-0.1,0.1,0.044,-0.064,-0.029,-0.035,-0.003,-0.025,-0.039,0.073,0.063,0.088,-0.007,-0.23,-0.01,0.041,-0.128,-0.032,-0.087,-0.072,-0.005,0.037,0.002,-0.008,0.093,0.009,-0.034,-0.002,0.013,-0.016,0.017,-0.145,-0.009,0.047,-0.02,-0.032,-0.024,0.08,0.025,0.034,0.044,-0.052,-0.0,-0.071,-0.028,-0.065,-0.041,-0.024,-0.009,-0.07,-0.057,-0.046,0.012,-0.032,0.02,-0.029,-0.014,-0.043,-0.071,0.072,0.01,0.127,0.055,-0.057,0.087,0.083,-0.041,0.011,-0.005,-0.029,0.029
GRB10 (2887) Exp,-0.009,-0.016,-0.026,-0.013,-0.142,-0.167,-0.026,-0.093,0.095,0.002,-0.023,-0.001,-0.012,-0.037,-0.06,-0.06,0.073,-0.093,-0.016,-0.028,0.02,0.036,-0.209,-0.07,-0.003,-0.054,0.042,0.129,-0.171,-0.057,-0.036,-0.054,-0.101,-0.08,0.044,-0.089,-0.052,-0.02,-0.015,-0.078,0.053,-0.085,-0.038,0.074,0.004,-0.062,-0.091,-0.045,0.036,0.02,-0.131,0.043,-0.04,-0.003,-0.122,-0.07,-0.072,-0.003,-0.001,0.053,-0.022,-0.023,0.022,-0.035,-0.028,-0.02,0.04,-0.045,-0.037,-0.166,-0.081,-0.027,-0.099,-0.045,-0.046,-0.085,-0.02,-0.016,0.018
GSS (2937) Exp,-0.099,-0.058,-0.049,-0.021,-0.021,-0.044,-0.091,-0.084,0.054,-0.024,-0.028,0.057,-0.044,-0.136,0.005,-0.137,-0.004,-0.054,-0.077,-0.055,0.06,0.046,-0.047,-0.243,-0.003,0.011,-0.032,0.064,-0.025,-0.076,-0.125,-0.108,-0.058,-0.025,0.0,-0.075,-0.04,-0.009,-0.053,-0.054,0.068,-0.181,-0.052,-0.05,-0.075,-0.054,-0.086,-0.168,-0.029,-0.088,-0.12,0.027,0.003,-0.124,-0.03,-0.032,0.017,-0.001,-0.001,-0.097,0.015,0.109,0.085,-0.018,-0.065,-0.007,0.017,-0.023,-0.036,0.001,-0.036,0.068,-0.004,-0.008,0.061,-0.129,0.007,-0.056,0.016
ICE1 (23379) Exp,-0.031,0.037,-0.014,0.013,-0.024,-0.023,-0.058,0.028,0.018,0.132,-0.033,-0.013,0.022,-0.034,0.01,-0.196,-0.001,0.061,0.031,0.012,0.038,-0.031,-0.069,0.002,-0.262,-0.049,-0.024,0.071,-0.011,-0.001,-0.248,-0.155,-0.036,-0.072,0.006,0.002,-0.04,0.023,-0.036,-0.051,0.091,-0.029,-0.135,0.013,0.001,0.043,-0.02,-0.037,0.049,0.003,-0.027,0.012,0.005,-0.185,-0.051,-0.012,-0.063,-0.1,-0.094,-0.05,-0.008,-0.021,-0.032,-0.068,0.014,-0.017,-0.08,0.043,-0.04,0.025,0.051,0.015,0.016,0.01,-0.029,-0.045,-0.031,-0.004,0.066
IGBP1 (3476) Exp,-0.041,-0.057,-0.029,0.053,-0.123,-0.065,-0.092,0.004,-0.128,-0.036,-0.042,0.006,-0.007,0.066,-0.133,-0.019,-0.111,-0.011,-0.023,0.029,-0.119,-0.147,0.017,0.028,-0.097,-0.267,-0.036,-0.053,-0.011,0.004,-0.001,-0.029,-0.014,-0.195,-0.108,-0.024,-0.063,-0.06,-0.017,0.003,-0.084,0.055,0.06,0.009,-0.016,-0.034,0.021,-0.001,0.017,0.044,-0.049,-0.017,0.005,-0.049,0.042,-0.066,-0.215,-0.099,-0.122,0.066,-0.06,-0.071,-0.06,-0.094,0.007,0.013,0.016,0.022,-0.032,-0.008,0.031,-0.094,-0.094,-0.086,0.007,0.055,-0.059,-0.008,-0.055
INTS10 (55174) Exp,0.066,0.202,0.1,-0.146,-0.024,-0.015,0.019,0.072,0.019,0.024,-0.003,-0.076,0.045,0.028,-0.084,0.177,-0.018,0.169,0.264,0.072,-0.103,-0.015,0.013,0.213,0.003,0.023,-0.213,-0.132,0.111,0.158,0.074,0.082,0.123,0.033,-0.144,0.178,0.032,-0.031,0.152,-0.093,-0.145,0.165,0.006,0.153,0.14,0.17,0.114,0.244,0.149,0.119,0.158,0.05,-0.013,0.112,0.019,-0.066,-0.005,-0.081,-0.109,-0.049,-0.025,-0.113,0.063,-0.001,0.11,0.091,-0.142,0.2,0.114,0.124,-0.123,-0.111,-0.088,0.034,-0.094,-0.056,-0.033,-0.123,-0.068
INTS9 (55756) Exp,0.067,0.218,0.146,-0.226,-0.006,-0.015,0.04,0.042,-0.042,0.049,-0.029,-0.092,0.077,0.021,-0.172,0.217,-0.043,0.15,0.28,0.136,-0.098,-0.001,-0.049,0.153,-0.047,0.016,-0.143,-0.212,0.079,0.115,0.081,0.15,0.166,0.03,-0.127,0.171,0.096,-0.117,0.178,-0.018,-0.203,0.18,0.048,0.111,0.216,0.116,0.172,0.26,0.199,0.139,0.145,0.053,-0.077,0.141,-0.014,-0.079,-0.008,-0.081,-0.113,-0.046,-0.087,-0.164,0.014,0.008,0.097,0.022,-0.151,0.211,0.061,0.058,-0.12,-0.216,-0.12,0.097,-0.11,-0.035,0.009,-0.194,-0.178
KIRREL1 (55243) Exp,-0.135,-0.19,0.01,0.032,-0.182,-0.226,-0.033,-0.121,0.139,-0.072,0.001,0.021,0.111,-0.046,0.04,-0.107,0.017,-0.216,-0.201,-0.023,0.034,0.031,-0.099,-0.218,0.021,-0.057,-0.001,0.187,-0.365,-0.262,-0.246,-0.308,-0.288,-0.06,0.248,-0.182,-0.032,0.047,-0.147,-0.015,0.174,-0.234,-0.1,-0.001,0.033,-0.108,-0.061,-0.146,-0.065,0.04,-0.228,0.08,0.014,-0.032,-0.165,-0.004,-0.038,-0.011,0.052,0.157,-0.027,0.135,-0.029,0.03,-0.039,-0.096,0.201,-0.123,-0.122,-0.325,-0.071,0.079,-0.081,-0.149,-0.02,-0.101,0.009,-0.031,0.009
LATS2 (26524) Exp,-0.116,-0.186,-0.026,0.064,-0.063,-0.096,-0.036,-0.066,0.152,-0.104,0.035,0.042,0.099,-0.081,0.042,-0.124,-0.015,-0.131,-0.208,0.012,0.1,0.137,-0.026,-0.106,0.06,0.016,0.046,0.19,-0.193,-0.239,-0.202,-0.207,-0.143,0.013,0.215,-0.093,-0.01,0.037,-0.1,0.067,0.087,-0.173,-0.041,0.008,-0.001,-0.104,-0.058,-0.138,-0.043,0.007,-0.189,0.129,0.037,-0.03,-0.068,0.013,0.051,-0.051,0.088,0.056,0.031,0.102,-0.007,-0.024,-0.014,-0.073,0.173,-0.067,-0.04,-0.082,0.041,0.09,-0.018,-0.028,-0.002,-0.077,-0.008,0.007,0.037
MED10 (84246) Exp,-0.045,-0.078,-0.078,0.065,-0.073,-0.042,-0.06,-0.009,-0.039,0.003,-0.026,0.029,0.013,0.055,-0.035,-0.29,-0.018,-0.049,-0.068,-0.074,0.065,-0.114,-0.025,-0.047,-0.29,-0.14,0.007,0.142,-0.048,-0.04,-0.263,-0.158,-0.195,-0.103,0.068,-0.058,-0.038,0.064,-0.049,-0.035,0.124,-0.096,-0.034,0.0,-0.071,-0.04,-0.108,-0.094,-0.04,-0.079,-0.072,0.016,0.089,-0.273,-0.067,-0.009,-0.103,-0.106,-0.114,0.065,0.043,0.032,-0.08,-0.099,-0.026,0.006,0.054,-0.071,-0.105,-0.032,0.066,0.107,0.053,-0.011,0.009,-0.045,-0.021,0.065,0.086
MED19 (219541) Exp,-0.073,-0.112,-0.019,0.003,-0.064,-0.056,-0.11,-0.027,0.146,0.093,0.018,0.007,0.014,-0.074,0.033,-0.093,0.053,-0.055,-0.102,0.026,0.1,0.085,0.01,-0.119,-0.029,-0.01,0.007,0.201,-0.136,-0.084,-0.143,-0.246,-0.048,-0.009,0.075,-0.12,0.018,0.06,-0.02,-0.007,0.235,-0.117,-0.151,-0.039,-0.035,-0.055,-0.063,-0.146,-0.039,-0.02,-0.097,0.006,0.017,-0.1,-0.092,0.078,-0.001,0.023,0.025,-0.003,0.062,0.141,0.003,-0.03,0.019,0.007,-0.026,-0.037,-0.094,-0.016,0.099,0.145,0.091,-0.09,0.035,-0.051,0.028,0.072,0.124
MRPL33 (9553) Exp,-0.028,-0.146,0.032,0.042,-0.135,-0.149,-0.062,-0.009,0.073,-0.056,0.001,0.044,0.1,0.021,-0.064,-0.125,0.019,-0.071,-0.078,-0.076,-0.011,0.047,-0.006,-0.093,0.02,-0.02,-0.009,0.076,-0.14,-0.119,-0.137,-0.135,-0.21,-0.009,0.075,-0.055,-0.055,0.035,-0.006,0.018,0.072,-0.089,-0.066,0.045,0.042,-0.077,0.029,-0.051,0.058,0.065,-0.07,0.117,0.055,-0.093,-0.025,0.025,-0.003,-0.033,-0.028,0.098,-0.037,-0.011,-0.021,-0.041,0.007,0.017,0.09,0.03,-0.035,-0.126,0.013,0.069,-0.072,-0.067,-0.025,-0.057,-0.058,-0.021,0.03
NKAP (79576) Exp,-0.099,-0.018,0.015,0.021,-0.21,-0.149,-0.15,-0.005,-0.023,-0.026,-0.01,-0.04,0.055,0.023,-0.099,-0.069,-0.114,0.052,0.029,0.003,-0.111,-0.076,-0.001,0.003,-0.089,-0.213,-0.068,0.073,-0.073,-0.036,-0.135,-0.161,-0.057,-0.29,-0.075,-0.055,-0.138,0.028,-0.0,-0.027,0.025,-0.044,-0.059,-0.013,0.013,-0.019,-0.003,-0.015,0.017,0.024,-0.069,0.075,0.008,-0.062,-0.039,-0.137,-0.248,-0.147,-0.165,0.012,-0.034,-0.012,-0.034,-0.13,0.011,0.043,-0.024,0.059,-0.091,-0.073,-0.057,-0.054,-0.067,-0.218,-0.021,-0.071,-0.089,-0.033,-0.027
NKAPD1 (55216) Exp,0.04,0.099,0.05,0.005,-0.007,0.014,-0.208,0.067,0.004,0.138,-0.018,-0.09,0.054,0.094,-0.107,0.105,-0.03,0.135,0.13,0.058,-0.03,0.01,0.042,0.145,0.024,-0.005,-0.031,-0.044,0.031,0.072,0.095,0.029,0.048,-0.031,-0.255,0.115,-0.023,0.033,0.13,-0.029,-0.048,0.141,-0.062,0.108,0.039,0.061,0.104,0.086,0.137,0.101,0.057,0.039,0.023,0.032,0.036,-0.034,-0.022,-0.083,-0.14,-0.09,-0.028,-0.187,0.014,-0.128,0.081,0.008,-0.206,0.128,0.003,0.135,0.021,-0.077,-0.056,0.055,-0.014,0.023,0.014,-0.095,-0.069
NRP1 (8829) Exp,-0.154,-0.266,-0.034,0.073,-0.16,-0.191,-0.111,-0.173,0.09,-0.081,-0.031,-0.022,0.066,-0.037,0.013,-0.175,0.128,-0.227,-0.21,-0.029,0.1,-0.027,-0.021,-0.205,0.011,-0.106,0.053,0.252,-0.307,-0.262,-0.209,-0.29,-0.325,-0.144,0.204,-0.288,-0.02,0.045,-0.152,0.003,0.238,-0.184,-0.144,-0.028,-0.093,-0.146,-0.104,-0.249,-0.099,-0.008,-0.281,-0.002,0.061,-0.114,-0.149,0.026,-0.094,-0.047,0.037,0.152,0.031,0.126,-0.023,-0.106,-0.015,-0.07,0.237,-0.165,-0.168,-0.252,0.006,0.16,0.027,-0.109,0.072,-0.057,-0.012,0.053,0.134
NSMCE4A (54780) Exp,0.055,0.123,0.019,0.064,0.116,0.148,-0.045,0.111,-0.035,0.119,0.035,-0.059,-0.018,-0.002,-0.017,0.123,-0.014,0.198,0.146,0.15,-0.055,0.004,0.06,0.126,-0.025,0.031,-0.102,-0.151,0.164,0.139,0.139,0.143,0.217,0.018,-0.199,0.112,-0.222,-0.039,0.048,-0.011,-0.098,0.085,-0.026,-0.006,0.025,0.098,0.07,0.14,0.131,-0.022,0.133,-0.027,-0.053,0.102,0.048,-0.038,-0.002,-0.017,-0.058,-0.1,-0.021,-0.113,0.013,-0.023,0.05,0.087,-0.185,0.084,0.068,0.21,0.017,-0.116,0.046,0.085,-0.07,0.061,-0.042,-0.071,-0.042
NSRP1 (84081) Exp,-0.081,0.021,0.026,-0.025,-0.063,-0.046,-0.036,-0.033,-0.029,-0.034,0.01,-0.058,-0.007,-0.009,-0.039,0.033,0.032,0.04,0.061,0.006,-0.002,-0.085,0.004,0.025,-0.081,-0.046,-0.089,0.002,-0.015,-0.058,-0.045,-0.041,-0.035,-0.049,0.015,-0.043,-0.02,-0.239,0.07,-0.046,-0.008,0.06,-0.022,0.021,0.01,0.013,-0.008,0.019,-0.007,0.051,-0.056,0.071,0.028,-0.031,-0.037,-0.046,-0.09,-0.072,-0.051,-0.03,-0.029,-0.01,-0.03,-0.038,0.003,0.019,-0.026,0.072,-0.022,-0.017,0.023,-0.085,-0.03,0.006,-0.03,-0.008,-0.027,-0.064,-0.027
NUAK2 (81788) Exp,-0.052,-0.181,-0.11,0.108,0.055,-0.018,-0.002,0.001,0.087,-0.037,0.036,0.134,-0.056,-0.015,0.171,-0.174,0.028,-0.164,-0.259,-0.06,0.039,0.038,0.008,-0.165,0.005,-0.0,-0.023,0.158,-0.073,-0.179,-0.183,-0.201,-0.102,0.001,0.138,-0.037,-0.125,0.075,-0.246,-0.017,0.15,-0.191,-0.054,-0.114,-0.072,-0.098,-0.107,-0.155,-0.099,-0.136,-0.089,0.036,0.049,-0.116,-0.06,0.048,0.017,0.074,0.029,0.053,0.031,0.122,0.036,0.007,-0.076,-0.018,0.071,-0.195,-0.033,-0.114,0.079,0.159,0.021,-0.074,0.005,-0.021,-0.04,0.079,0.161
NUP42 (11097) Exp,0.079,0.158,-0.003,-0.04,0.018,0.02,-0.025,0.075,-0.083,0.04,-0.032,-0.101,0.01,-0.006,-0.08,0.052,0.011,0.122,0.157,0.008,-0.035,-0.04,-0.09,0.122,-0.034,-0.011,-0.058,-0.04,0.037,0.093,0.068,0.097,0.055,-0.005,-0.111,0.078,0.019,-0.028,0.067,-0.206,-0.107,0.107,0.01,0.077,0.085,0.093,0.057,0.114,0.107,0.034,0.086,-0.02,-0.076,0.001,-0.004,-0.104,-0.077,-0.024,-0.182,-0.048,-0.047,-0.103,0.017,-0.005,0.075,0.02,-0.115,0.051,0.019,0.066,-0.053,-0.086,-0.072,0.07,-0.162,0.008,-0.036,-0.072,-0.046
NUP58 (9818) Exp,0.036,0.129,0.055,-0.03,0.042,0.087,0.031,0.051,-0.014,0.093,0.045,-0.013,0.001,-0.026,-0.024,0.104,0.015,0.161,0.154,0.066,-0.007,0.051,0.008,0.095,0.012,0.061,-0.02,-0.038,0.101,0.13,0.029,0.051,0.127,0.055,-0.062,0.138,0.04,-0.079,0.11,0.029,-0.27,0.108,-0.015,0.063,0.089,0.132,0.066,0.103,0.108,0.049,0.136,0.039,-0.055,0.128,-0.041,-0.054,0.038,-0.01,-0.033,-0.1,-0.008,-0.046,-0.003,0.044,0.094,0.044,-0.088,0.136,0.021,0.177,0.009,-0.152,0.014,0.111,-0.093,-0.026,-0.073,-0.147,-0.175
PEDS1 (387521) Exp,-0.058,-0.183,-0.025,-0.001,0.029,0.008,0.027,-0.051,0.093,-0.047,0.019,0.097,0.038,-0.073,0.153,-0.118,0.022,-0.169,-0.222,-0.028,0.167,0.079,-0.076,-0.223,-0.013,-0.026,0.121,0.161,-0.134,-0.114,-0.158,-0.08,-0.075,-0.015,0.211,-0.096,0.017,0.054,-0.148,0.073,0.225,-0.237,-0.09,-0.077,-0.129,-0.08,-0.1,-0.173,-0.145,-0.028,-0.123,-0.045,0.062,-0.132,-0.047,0.072,0.029,0.05,0.146,0.016,0.042,0.154,0.033,0.02,-0.055,-0.08,0.139,-0.142,-0.086,-0.151,0.103,0.202,0.137,-0.049,0.152,-0.002,0.092,0.135,0.12
PGM3 (5238) Exp,-0.116,-0.138,0.003,0.032,-0.1,-0.16,-0.049,-0.059,0.13,-0.026,-0.005,0.067,0.041,-0.08,0.014,-0.126,0.036,-0.074,-0.123,0.007,0.059,0.026,-0.082,-0.153,0.055,-0.052,0.074,0.208,-0.218,-0.144,-0.193,-0.225,-0.161,-0.056,0.079,-0.094,0.0,0.061,-0.084,-0.035,0.178,-0.157,-0.234,0.041,0.01,-0.072,-0.073,-0.114,-0.025,-0.06,-0.132,0.123,-0.012,-0.001,-0.151,0.061,-0.035,-0.017,0.004,0.014,-0.021,0.058,0.021,-0.01,-0.039,-0.071,0.071,-0.027,-0.065,-0.152,0.062,0.052,0.012,-0.076,0.083,-0.108,-0.01,-0.007,0.075
PHLDA3 (23612) Exp,-0.071,-0.189,-0.032,-0.047,-0.072,-0.117,0.114,-0.132,0.013,-0.316,0.035,0.105,-0.046,-0.092,0.135,-0.083,0.017,-0.229,-0.24,-0.169,0.039,0.059,0.035,-0.201,0.042,0.039,0.061,0.052,-0.106,-0.186,-0.145,-0.108,-0.14,0.032,0.213,-0.097,0.065,0.002,-0.095,0.003,0.015,-0.145,-0.048,-0.218,-0.106,-0.176,-0.055,-0.16,-0.088,-0.072,-0.159,0.031,0.021,-0.057,-0.021,0.035,0.043,0.104,0.169,0.1,0.068,0.166,-0.037,0.069,-0.1,-0.053,0.234,-0.166,-0.019,-0.25,0.017,0.098,-0.03,0.006,0.049,-0.061,0.002,-0.009,-0.013
PKP3 (11187) Exp,-0.029,-0.152,-0.172,0.084,0.048,0.068,-0.0,-0.049,0.007,0.026,-0.04,0.196,-0.18,-0.091,0.252,-0.178,0.04,-0.089,-0.283,-0.097,0.211,0.028,0.058,-0.179,-0.018,0.027,0.049,0.068,0.088,-0.006,-0.093,-0.078,-0.023,-0.012,0.125,-0.034,-0.017,0.122,-0.168,-0.053,0.181,-0.155,-0.031,-0.206,-0.265,-0.143,-0.225,-0.243,-0.164,-0.219,-0.036,-0.104,0.049,-0.153,0.067,0.043,0.035,0.062,0.137,-0.108,0.133,0.228,0.082,0.035,-0.149,-0.002,0.054,-0.175,0.01,0.026,0.125,0.134,0.178,-0.041,0.161,-0.008,-0.027,0.195,0.21
PLEKHN1 (84069) Exp,-0.079,-0.208,-0.167,0.074,-0.018,-0.03,-0.045,-0.099,0.063,-0.101,-0.054,0.078,-0.068,-0.048,0.144,-0.15,0.041,-0.147,-0.312,-0.09,0.137,-0.011,0.04,-0.144,0.015,-0.051,0.037,0.157,-0.043,-0.138,-0.148,-0.142,-0.146,-0.058,0.145,-0.12,0.019,0.145,-0.139,-0.043,0.239,-0.154,-0.012,-0.157,-0.193,-0.209,-0.189,-0.264,-0.164,-0.18,-0.162,-0.039,0.075,-0.144,-0.013,0.021,-0.018,-0.012,0.1,0.01,0.13,0.228,0.043,-0.023,-0.121,-0.046,0.165,-0.182,-0.065,-0.054,0.105,0.158,0.092,-0.11,0.186,-0.045,0.009,0.176,0.244
PLPP2 (8612) Exp,-0.082,-0.157,-0.185,0.09,-0.062,-0.046,-0.057,-0.105,0.054,-0.054,-0.116,0.109,-0.126,-0.121,0.151,-0.16,0.075,-0.142,-0.275,-0.115,0.177,0.023,0.039,-0.236,-0.021,-0.006,0.007,0.113,0.01,-0.051,-0.121,-0.115,-0.067,-0.033,0.15,-0.13,0.006,0.103,-0.132,-0.076,0.173,-0.214,0.012,-0.153,-0.232,-0.166,-0.237,-0.268,-0.12,-0.164,-0.104,-0.051,0.056,-0.133,0.029,0.024,0.012,0.013,0.091,-0.048,0.084,0.192,0.047,-0.023,-0.146,0.007,0.148,-0.106,-0.026,-0.065,0.015,0.1,0.1,-0.094,0.128,-0.027,-0.038,0.143,0.191
PRAG1 (157285) Exp,0.007,-0.097,-0.129,0.006,0.039,-0.009,-0.033,-0.099,0.051,0.004,-0.047,0.026,-0.068,-0.064,0.047,-0.045,0.08,-0.136,-0.145,-0.031,0.067,0.01,0.058,-0.016,-0.02,0.027,-0.001,0.03,0.005,-0.023,0.03,-0.026,-0.039,0.012,0.036,-0.107,0.013,0.035,-0.111,-0.108,0.085,-0.075,0.061,-0.099,-0.163,-0.068,-0.129,-0.253,-0.068,-0.133,-0.072,-0.145,-0.049,-0.119,-0.027,-0.023,0.02,0.027,0.046,-0.023,0.081,0.073,0.059,0.015,-0.05,-0.009,0.013,-0.137,-0.002,0.078,0.033,0.115,0.105,0.013,0.017,-0.001,-0.025,0.13,0.164
PROSER2 (254427) Exp,-0.045,-0.17,-0.145,0.09,0.133,0.124,0.022,-0.037,0.019,0.034,0.022,0.16,-0.135,-0.118,0.204,-0.133,0.024,-0.086,-0.295,-0.037,0.107,0.069,-0.015,-0.185,0.036,-0.007,0.061,0.06,0.051,-0.109,-0.121,-0.071,-0.054,-0.004,0.123,-0.072,-0.029,0.081,-0.099,0.013,0.157,-0.153,0.037,-0.175,-0.206,-0.165,-0.179,-0.247,-0.241,-0.136,-0.058,-0.068,0.013,-0.066,0.043,0.057,0.072,0.089,0.165,-0.075,0.128,0.165,0.007,0.084,-0.144,-0.067,0.014,-0.19,0.033,0.027,0.067,0.108,0.145,0.013,0.131,0.02,0.006,0.191,0.202
PTK6 (5753) Exp,-0.04,-0.098,-0.178,0.099,0.076,0.055,-0.013,-0.082,-0.016,0.033,-0.051,0.113,-0.158,-0.097,0.199,-0.122,0.02,-0.021,-0.2,-0.112,0.16,0.011,0.07,-0.115,0.012,0.044,0.025,0.008,0.123,0.016,0.027,0.005,-0.008,-0.021,0.085,-0.051,0.036,0.1,-0.103,-0.08,0.123,-0.103,0.047,-0.189,-0.271,-0.107,-0.233,-0.222,-0.153,-0.231,-0.035,-0.113,0.025,-0.151,0.07,-0.001,0.02,0.067,0.124,-0.089,0.113,0.134,0.073,0.032,-0.113,-0.032,0.045,-0.137,0.021,0.067,0.086,0.091,0.184,-0.009,0.168,0.04,-0.004,0.229,0.245
PTPN14 (5784) Exp,-0.143,-0.274,-0.049,0.066,-0.097,-0.145,-0.084,-0.123,0.125,-0.039,0.036,0.03,0.059,-0.091,0.071,-0.171,0.02,-0.239,-0.266,-0.023,0.109,0.022,-0.045,-0.255,0.002,-0.069,0.012,0.201,-0.272,-0.28,-0.264,-0.294,-0.257,-0.048,0.238,-0.213,-0.022,0.058,-0.159,-0.007,0.255,-0.225,-0.145,-0.074,-0.054,-0.171,-0.089,-0.243,-0.097,-0.021,-0.263,0.045,0.046,-0.1,-0.142,0.047,-0.007,-0.047,0.059,0.07,0.04,0.147,-0.042,-0.027,-0.083,-0.12,0.207,-0.119,-0.143,-0.215,0.066,0.138,0.037,-0.076,0.047,-0.068,0.036,0.044,0.119
PYCARD (29108) Exp,0.067,-0.059,-0.118,-0.021,0.088,0.119,-0.004,-0.056,-0.085,-0.004,-0.038,0.001,-0.091,0.035,0.074,-0.004,0.013,-0.052,-0.051,-0.024,0.025,-0.107,0.0,0.052,-0.088,-0.02,-0.016,-0.043,0.055,-0.035,0.122,0.14,0.01,-0.018,-0.006,-0.027,0.055,-0.042,-0.072,-0.03,-0.002,-0.0,0.201,-0.143,-0.123,-0.003,-0.15,-0.094,-0.123,-0.158,-0.102,-0.207,-0.058,-0.076,0.069,-0.021,-0.033,0.02,0.021,-0.025,0.034,0.056,-0.035,0.026,-0.073,-0.082,-0.009,-0.156,0.06,0.079,-0.027,0.015,0.081,0.078,0.032,0.032,0.015,0.158,0.149
QPRT (23475) Exp,0.092,0.109,0.131,-0.035,0.021,-0.036,-0.008,0.016,0.122,0.107,0.058,0.034,0.015,-0.06,-0.006,0.046,0.048,0.028,0.108,0.015,-0.109,0.158,-0.015,0.005,0.101,0.134,0.045,0.009,0.053,-0.019,-0.003,0.041,0.035,0.098,-0.027,0.116,-0.041,0.007,0.034,-0.005,-0.065,0.038,0.025,0.063,0.127,0.057,0.065,0.123,0.105,0.058,0.046,0.053,-0.24,0.096,-0.015,0.023,0.064,0.065,0.068,-0.068,-0.095,-0.041,0.058,0.071,0.052,0.022,-0.11,0.06,0.03,0.033,-0.059,-0.092,-0.142,-0.07,-0.105,-0.028,-0.035,-0.058,-0.039
RAD1 (5810) Exp,-0.045,0.023,-0.031,0.035,-0.052,-0.003,-0.084,0.05,0.011,0.111,0.013,0.011,-0.013,0.024,-0.017,-0.24,0.024,0.056,0.049,-0.014,0.078,-0.043,-0.019,-0.004,-0.188,-0.046,-0.015,0.084,-0.024,0.041,-0.21,-0.135,-0.038,-0.046,-0.005,-0.015,-0.022,0.057,-0.009,-0.024,0.115,-0.039,-0.123,0.026,-0.044,0.051,-0.065,-0.039,0.018,-0.029,0.01,-0.018,0.068,-0.233,-0.077,0.003,-0.031,-0.101,-0.086,-0.06,-0.011,-0.023,-0.031,-0.089,0.014,0.006,-0.053,0.026,-0.078,0.029,0.075,0.062,0.079,-0.0,-0.027,-0.025,0.029,0.014,0.037
RFTN1 (23180) Exp,-0.002,-0.079,0.093,-0.027,-0.081,-0.082,0.008,-0.005,-0.034,-0.05,0.029,-0.051,0.121,0.164,-0.097,0.038,0.03,-0.067,0.07,0.055,-0.102,-0.087,0.001,0.109,-0.011,-0.046,0.022,0.025,-0.215,-0.151,-0.012,-0.104,-0.179,-0.039,-0.005,-0.087,0.082,0.041,0.006,0.069,0.014,0.055,-0.048,0.107,0.116,0.016,0.085,0.079,0.019,0.06,-0.097,0.069,0.034,0.016,-0.215,0.059,-0.048,-0.05,-0.081,0.145,-0.025,-0.041,-0.057,-0.051,0.03,-0.056,0.057,0.014,-0.108,-0.07,0.018,0.003,-0.07,0.009,-0.096,-0.013,0.099,-0.076,-0.013
RINT1 (60561) Exp,-0.013,0.001,0.025,0.015,-0.101,-0.095,-0.083,-0.003,0.0,-0.034,-0.039,-0.056,0.054,-0.041,-0.086,-0.023,-0.035,0.054,0.052,0.029,-0.066,-0.057,-0.044,0.004,-0.078,-0.071,-0.074,0.052,-0.01,-0.005,-0.085,-0.081,0.004,-0.094,-0.019,-0.037,-0.025,-0.019,0.028,-0.111,-0.041,-0.038,-0.065,0.078,0.072,0.012,0.011,0.002,0.047,0.025,-0.019,0.121,0.005,-0.024,-0.033,-0.209,-0.111,-0.066,-0.112,-0.032,-0.116,-0.027,0.024,-0.078,0.024,0.031,-0.056,0.082,-0.031,-0.056,-0.096,-0.093,-0.111,-0.041,-0.053,-0.089,-0.059,-0.082,-0.064
RNF113A (7737) Exp,0.051,0.113,0.016,-0.013,-0.069,-0.002,-0.1,0.02,-0.091,0.074,-0.022,-0.088,-0.023,0.092,-0.141,0.058,-0.068,0.068,0.159,0.053,-0.147,-0.138,-0.002,0.147,-0.105,-0.178,-0.036,-0.026,0.064,0.118,0.106,0.046,0.036,-0.199,-0.206,0.044,-0.028,-0.029,0.089,-0.057,-0.096,0.138,0.078,0.063,0.025,0.09,0.052,0.041,0.053,-0.01,0.057,-0.03,-0.06,0.008,0.001,-0.048,-0.262,-0.097,-0.149,0.013,-0.059,-0.112,-0.051,-0.103,0.073,0.015,-0.151,0.041,-0.077,0.114,-0.059,-0.159,-0.055,-0.096,-0.027,0.013,-0.005,0.039,-0.031
RPA2 (6118) Exp,0.029,0.17,0.091,-0.025,-0.037,-0.012,-0.023,0.131,0.027,0.147,0.039,-0.068,0.087,0.011,-0.151,0.107,-0.013,0.17,0.253,0.089,-0.079,-0.016,-0.051,0.184,-0.034,0.006,-0.07,-0.058,0.007,0.108,0.062,0.067,0.103,0.066,-0.089,0.116,0.076,-0.009,0.095,0.017,-0.071,0.128,-0.079,0.125,0.189,0.142,0.154,0.208,0.192,0.068,0.097,0.021,-0.019,0.086,-0.037,-0.066,0.037,-0.235,-0.2,-0.044,-0.039,-0.109,-0.041,-0.032,0.107,-0.01,-0.157,0.191,-0.027,0.071,-0.089,-0.138,-0.007,0.05,-0.069,0.026,0.041,-0.139,-0.061
RPAIN (84268) Exp,0.017,0.155,0.065,-0.013,-0.032,-0.043,-0.058,0.07,-0.064,0.058,-0.027,-0.021,0.016,0.032,-0.133,0.061,-0.013,0.17,0.178,0.064,0.013,0.01,0.033,0.063,-0.048,0.02,-0.083,-0.079,0.07,0.134,-0.015,-0.007,0.162,-0.04,-0.153,0.134,-0.067,-0.074,0.115,-0.041,-0.12,0.064,-0.082,0.068,0.05,0.049,0.104,0.156,0.129,0.096,0.164,0.099,0.036,0.022,0.009,-0.109,-0.053,-0.074,-0.202,-0.03,-0.07,-0.123,0.004,-0.073,0.051,0.113,-0.134,0.144,0.025,0.02,-0.042,-0.165,-0.039,0.02,-0.126,-0.127,-0.074,-0.267,-0.164
RPL30 (6156) Exp,0.053,0.099,0.045,-0.052,0.048,0.088,-0.016,0.061,-0.07,0.041,0.042,0.004,0.013,0.066,-0.083,0.082,-0.026,0.118,0.116,0.063,-0.059,-0.061,0.013,0.091,-0.044,0.002,-0.033,-0.139,0.113,0.12,0.069,0.114,0.067,0.049,-0.125,0.092,0.009,-0.024,0.088,0.029,-0.114,0.138,0.088,0.052,0.002,0.067,0.05,0.075,0.053,0.04,0.094,0.04,-0.003,0.08,0.063,0.02,0.05,-0.078,-0.005,-0.246,-0.025,-0.138,-0.04,-0.049,0.032,-0.044,-0.087,0.126,0.045,0.138,0.018,-0.074,-0.001,0.131,0.009,0.044,-0.003,-0.045,-0.076
SESN3 (143686) Exp,0.038,0.141,0.062,-0.112,0.024,-0.016,0.09,0.013,0.031,0.056,-0.031,-0.067,0.016,-0.066,-0.075,0.103,0.04,-0.042,0.186,-0.024,0.004,0.108,-0.018,-0.005,0.051,0.145,-0.043,-0.039,0.011,0.102,0.086,0.103,0.049,0.103,-0.005,0.06,-0.021,-0.025,0.095,-0.032,-0.078,0.01,-0.091,0.035,0.038,0.063,0.072,0.105,0.112,0.064,0.085,-0.042,-0.087,0.038,-0.076,-0.025,0.083,0.09,-0.014,-0.017,-0.201,-0.063,-0.042,0.068,0.03,-0.014,-0.086,0.026,-0.048,-0.093,-0.058,-0.041,-0.003,0.007,-0.097,-0.037,-0.015,-0.108,-0.104
SLC43A1 (8501) Exp,0.07,0.171,0.082,-0.046,0.047,0.062,-0.015,0.019,-0.022,0.103,-0.001,-0.123,0.038,-0.002,-0.229,0.16,0.006,0.139,0.26,0.135,-0.06,-0.01,-0.063,0.22,-0.048,-0.009,-0.021,-0.094,0.043,0.142,0.167,0.166,0.151,0.009,-0.2,0.09,0.022,-0.128,0.122,-0.029,-0.174,0.182,0.085,0.185,0.089,0.132,0.11,0.164,0.137,0.064,0.063,0.033,-0.103,0.181,-0.022,0.014,-0.062,-0.009,-0.081,-0.074,-0.085,-0.263,-0.027,-0.029,0.087,0.019,-0.136,0.153,0.005,0.177,-0.043,-0.189,-0.095,0.052,-0.066,-0.002,-0.005,-0.092,-0.105
SLFN11 (91607) Exp,-0.004,-0.015,-0.02,0.014,-0.07,-0.022,-0.092,-0.017,-0.035,0.015,0.03,-0.067,0.071,0.06,-0.045,0.033,-0.034,0.028,0.028,0.053,-0.024,-0.119,-0.068,0.029,-0.084,-0.135,-0.082,0.006,-0.093,-0.054,-0.024,-0.079,-0.098,-0.074,0.012,-0.062,0.056,0.01,-0.038,0.036,0.061,0.039,-0.048,-0.011,0.068,0.017,0.013,-0.02,-0.036,-0.023,-0.059,-0.014,0.003,0.05,-0.088,-0.028,-0.086,-0.115,-0.091,0.026,0.011,0.004,-0.214,-0.04,-0.001,-0.07,0.013,-0.028,-0.027,-0.0,0.038,-0.023,0.08,0.012,-0.042,0.018,0.02,0.067,0.044
SRPRA (6734) Exp,-0.077,-0.026,-0.014,-0.024,-0.026,-0.048,-0.14,-0.052,0.107,-0.053,0.019,-0.069,0.011,-0.013,-0.099,0.01,-0.034,-0.026,0.014,-0.02,0.03,0.051,-0.016,0.044,0.007,-0.029,0.029,0.072,-0.1,-0.074,0.015,-0.007,-0.057,-0.012,-0.051,-0.098,0.033,0.033,0.011,-0.004,0.027,-0.003,-0.014,0.058,-0.036,0.001,-0.021,-0.031,-0.004,-0.032,-0.097,0.027,0.045,-0.086,-0.082,0.031,-0.054,-0.058,-0.049,0.01,-0.032,-0.097,-0.023,-0.272,-0.014,-0.083,-0.03,-0.001,-0.053,0.029,0.046,0.001,0.003,0.047,0.055,-0.025,0.011,0.011,0.072
ST6GALNAC2 (10610) Exp,-0.058,-0.097,-0.107,0.069,-0.103,-0.063,0.061,-0.052,0.052,-0.111,-0.031,0.137,-0.102,-0.104,0.216,-0.198,0.003,-0.137,-0.205,-0.158,0.139,0.026,-0.005,-0.204,-0.018,0.01,0.085,0.101,0.004,-0.033,-0.108,-0.043,-0.048,0.0,0.207,-0.073,0.045,0.091,-0.128,-0.041,0.185,-0.239,0.048,-0.172,-0.19,-0.113,-0.224,-0.167,-0.119,-0.165,-0.064,-0.088,0.048,-0.206,-0.04,-0.049,0.029,-0.009,0.087,-0.032,0.066,0.173,0.017,0.059,-0.203,-0.134,0.148,-0.145,0.006,-0.157,0.023,0.169,0.121,-0.007,0.118,-0.018,0.016,0.175,0.118
STING1 (340061) Exp,-0.022,-0.076,-0.066,-0.019,-0.024,-0.034,0.012,-0.09,-0.041,0.005,-0.026,-0.015,0.002,0.031,0.005,-0.064,-0.005,-0.106,-0.048,-0.046,0.044,-0.086,-0.018,-0.012,-0.115,-0.076,0.029,0.033,-0.145,-0.087,-0.099,-0.053,-0.182,-0.048,0.045,-0.141,0.079,0.071,-0.084,0.02,0.057,0.005,0.074,-0.02,-0.065,-0.079,-0.086,-0.073,-0.039,-0.065,-0.146,-0.068,-0.041,-0.018,-0.068,0.004,-0.062,-0.082,0.014,-0.004,0.036,0.089,-0.103,-0.07,-0.026,-0.23,0.098,-0.067,-0.095,-0.059,-0.011,0.056,0.008,0.008,0.063,0.005,0.055,0.112,0.103
TAF1D (79101) Exp,-0.028,0.039,-0.069,0.035,0.067,0.12,-0.11,-0.002,-0.062,0.105,-0.057,0.046,-0.053,0.08,0.008,0.026,-0.053,0.092,0.006,0.054,0.051,-0.011,0.032,0.066,-0.062,-0.058,-0.076,-0.028,0.143,0.078,-0.002,0.011,0.043,-0.098,-0.168,0.025,-0.023,0.039,-0.009,-0.015,-0.002,0.046,0.032,-0.033,-0.125,-0.062,-0.047,-0.025,-0.015,-0.071,0.04,0.001,0.016,-0.024,0.084,-0.053,-0.054,-0.058,-0.094,-0.132,0.068,-0.051,-0.012,-0.094,0.002,-0.011,-0.224,-0.026,0.009,0.158,0.005,-0.041,0.034,0.008,0.033,0.002,-0.023,-0.028,-0.027
TMOD3 (29766) Exp,-0.07,-0.232,-0.168,0.067,-0.019,-0.037,-0.039,-0.105,0.044,-0.013,-0.003,0.049,-0.065,0.02,0.165,-0.163,0.039,-0.118,-0.244,-0.051,0.114,-0.013,0.057,-0.129,-0.017,-0.039,0.065,0.155,-0.055,-0.115,-0.108,-0.138,-0.19,-0.037,0.139,-0.158,-0.006,0.105,-0.077,0.007,0.193,-0.122,-0.105,-0.132,-0.188,-0.135,-0.17,-0.238,-0.101,-0.149,-0.124,-0.09,0.071,-0.182,-0.034,0.048,-0.006,-0.011,0.084,-0.022,0.085,0.169,-0.036,-0.091,-0.088,-0.083,0.111,-0.205,-0.067,-0.022,0.126,0.181,0.162,-0.053,0.097,0.016,-0.019,0.179,0.2
TSPAN5 (10098) Exp,-0.087,-0.114,-0.009,-0.001,-0.137,-0.168,-0.103,-0.06,0.042,0.034,-0.039,0.006,0.04,0.027,-0.068,-0.095,0.085,-0.062,-0.055,-0.053,0.059,-0.028,0.03,-0.139,-0.006,-0.104,0.017,0.101,-0.19,-0.112,-0.087,-0.185,-0.173,-0.114,0.027,-0.167,-0.029,0.078,0.012,0.031,0.137,-0.034,-0.169,-0.008,-0.042,-0.028,-0.033,-0.092,0.004,0.03,-0.135,-0.043,0.051,-0.06,-0.16,0.084,-0.055,-0.048,-0.069,0.011,-0.009,0.026,-0.049,-0.043,0.017,-0.052,0.124,-0.008,-0.203,-0.173,0.084,0.068,0.007,-0.116,0.004,0.001,-0.019,-0.045,0.021
UROD (7389) Exp,-0.11,-0.076,0.065,-0.02,-0.162,-0.207,-0.083,-0.029,0.084,-0.032,-0.037,-0.051,0.133,0.046,-0.102,-0.037,-0.007,-0.075,0.014,-0.019,-0.018,-0.01,-0.079,-0.089,-0.007,-0.067,-0.023,0.105,-0.24,-0.161,-0.151,-0.164,-0.167,-0.071,0.084,-0.107,-0.027,0.04,0.011,0.017,0.089,-0.091,-0.107,0.133,0.095,-0.066,0.016,-0.014,0.073,0.066,-0.15,0.13,0.02,0.003,-0.142,-0.025,-0.026,-0.134,-0.084,0.081,-0.054,0.004,-0.043,-0.089,0.008,-0.087,0.078,0.061,-0.1,-0.215,-0.101,0.016,-0.126,-0.145,-0.025,-0.097,0.03,-0.146,-0.048
USE1 (55850) Exp,0.072,0.143,0.111,-0.067,-0.063,-0.022,0.038,-0.026,0.07,0.04,0.028,-0.078,0.072,0.023,-0.128,0.056,-0.037,0.032,0.209,0.031,-0.03,0.004,-0.036,0.088,-0.003,0.012,-0.017,-0.016,-0.067,0.027,-0.009,-0.045,0.047,0.039,0.001,0.015,0.02,-0.012,0.106,-0.05,-0.014,0.063,0.031,0.178,0.155,0.095,0.028,0.149,0.142,0.109,-0.011,0.071,-0.045,0.052,-0.041,0.009,0.036,-0.039,-0.063,-0.02,-0.061,-0.084,0.006,0.015,0.09,0.03,-0.001,0.133,0.002,0.061,-0.348,-0.085,-0.151,-0.054,-0.055,-0.052,0.076,-0.08,-0.053
USPL1 (10208) Exp,0.069,0.164,0.107,-0.046,0.009,0.037,-0.009,0.035,-0.045,0.105,0.001,-0.051,0.056,0.022,-0.066,0.181,0.019,0.144,0.163,0.053,-0.026,0.019,-0.019,0.116,0.004,0.074,-0.041,-0.073,0.078,0.117,0.124,0.112,0.086,0.018,-0.115,0.139,0.017,-0.104,0.154,0.03,-0.274,0.155,-0.017,0.107,0.089,0.157,0.108,0.118,0.18,0.113,0.125,-0.007,-0.123,0.172,-0.034,-0.026,0.021,0.011,-0.032,-0.084,-0.09,-0.143,0.01,0.071,0.101,0.03,-0.141,0.149,0.031,0.128,-0.018,-0.209,-0.065,0.092,-0.116,-0.022,-0.053,-0.151,-0.227
UXT (8409) Exp,-0.0,0.057,0.004,0.014,-0.092,-0.103,-0.057,0.057,-0.056,0.027,0.012,-0.087,0.048,0.088,-0.188,0.023,-0.129,0.058,0.115,0.015,-0.219,-0.098,0.006,0.127,-0.073,-0.14,-0.096,-0.051,0.0,0.031,0.021,0.006,0.033,-0.083,-0.175,-0.015,-0.044,-0.038,0.08,-0.009,-0.135,0.134,0.016,0.092,0.09,0.08,0.063,0.089,0.128,0.024,0.019,0.012,-0.017,-0.03,-0.004,-0.059,-0.125,-0.097,-0.162,0.085,-0.062,-0.169,-0.069,-0.084,0.095,0.058,-0.089,0.097,-0.034,0.058,-0.056,-0.114,-0.245,0.001,-0.105,0.029,-0.04,-0.062,-0.089
VMA21 (203547) Exp,-0.035,-0.003,0.019,0.046,-0.185,-0.116,-0.138,-0.001,0.05,0.042,-0.015,-0.035,0.034,0.036,-0.043,0.008,-0.045,0.046,0.017,-0.005,-0.121,-0.069,-0.028,0.033,-0.06,-0.163,-0.073,0.052,-0.062,0.004,-0.09,-0.113,-0.074,-0.19,-0.03,-0.057,-0.116,0.001,0.001,-0.031,0.028,-0.001,-0.016,0.007,0.054,0.006,0.016,-0.0,0.055,0.068,-0.079,0.142,0.038,-0.012,-0.037,-0.099,-0.23,-0.177,-0.144,0.026,-0.028,0.02,-0.019,-0.071,0.021,-0.01,-0.033,0.054,-0.093,-0.007,-0.064,-0.078,-0.088,-0.275,-0.084,-0.015,-0.067,-0.03,-0.008
VPS36 (51028) Exp,0.067,0.136,0.057,-0.051,0.036,0.083,-0.012,-0.007,-0.035,0.054,0.034,-0.075,0.002,-0.017,-0.034,0.109,0.011,0.129,0.127,0.063,-0.039,0.059,-0.014,0.092,0.008,0.097,-0.057,-0.04,0.113,0.079,0.099,0.146,0.114,0.066,-0.137,0.128,-0.052,-0.077,0.123,-0.062,-0.262,0.098,0.037,0.102,0.079,0.145,0.068,0.113,0.125,0.071,0.113,0.007,-0.116,0.109,0.013,-0.026,0.044,0.02,-0.001,-0.118,-0.018,-0.065,0.01,0.033,0.052,0.068,-0.126,0.102,0.047,0.196,-0.021,-0.174,-0.054,0.098,-0.29,-0.019,-0.017,-0.113,-0.213
VPS53 (55275) Exp,0.026,0.076,0.016,0.004,-0.084,-0.087,-0.007,-0.017,0.034,-0.043,-0.014,0.006,0.016,-0.027,0.019,-0.068,0.002,0.025,0.02,0.046,0.078,-0.012,-0.017,-0.075,-0.071,-0.01,0.004,0.046,0.031,0.001,-0.131,-0.101,0.04,-0.044,0.059,-0.006,-0.007,-0.016,-0.004,-0.083,-0.013,-0.042,-0.062,0.075,0.046,0.016,0.01,0.01,0.027,-0.007,0.024,0.106,0.011,-0.034,-0.057,-0.046,-0.065,-0.078,-0.123,0.009,-0.023,0.053,0.002,-0.033,0.005,0.005,0.005,0.017,-0.016,-0.036,-0.062,-0.061,-0.064,-0.024,-0.078,-0.209,-0.087,-0.1,-0.008
WBP11 (51729) Exp,0.001,0.13,0.066,-0.007,0.01,0.006,-0.03,0.047,0.046,0.131,0.014,-0.039,-0.003,-0.069,-0.096,0.06,0.043,0.102,0.142,0.094,-0.044,0.079,-0.055,0.031,-0.013,-0.004,-0.052,0.037,0.095,0.083,-0.013,0.036,0.058,0.031,-0.067,0.07,0.011,-0.053,0.071,-0.015,-0.047,0.051,-0.046,0.047,0.054,0.053,0.074,0.043,0.076,0.067,0.048,0.012,-0.056,0.043,0.016,-0.079,-0.004,-0.032,-0.041,-0.097,-0.081,-0.045,-0.001,-0.011,0.076,0.021,-0.128,0.143,-0.011,0.087,-0.023,-0.102,0.004,-0.001,-0.049,-0.049,-0.205,-0.089,-0.079
WTAP (9589) Exp,0.001,0.011,0.03,-0.013,-0.033,-0.029,-0.045,0.057,0.004,0.131,-0.021,0.023,0.036,0.082,0.001,0.076,0.032,0.06,0.053,0.039,0.023,-0.031,-0.012,0.087,0.005,-0.008,-0.02,0.004,-0.043,0.039,0.024,-0.011,-0.013,0.048,-0.066,0.083,-0.023,-0.01,-0.029,0.048,0.011,0.096,-0.167,0.055,0.061,0.046,0.089,0.103,0.115,0.118,0.03,-0.012,-0.007,0.07,-0.085,-0.002,0.036,-0.064,-0.084,0.007,-0.074,-0.072,-0.036,-0.003,0.007,0.012,-0.097,0.083,-0.016,0.021,0.062,-0.035,0.035,0.037,-0.001,0.036,-0.008,-0.213,-0.028
ZC3H13 (23091) Exp,0.04,0.182,0.076,-0.038,0.015,0.03,0.087,-0.019,-0.025,0.048,0.012,-0.077,0.061,-0.024,-0.092,0.138,0.024,0.092,0.199,0.113,0.006,0.077,-0.046,0.072,0.003,0.076,-0.037,-0.048,0.083,0.07,0.085,0.108,0.084,0.052,-0.035,0.118,0.065,-0.106,0.141,-0.001,-0.247,0.114,0.025,0.129,0.127,0.131,0.096,0.09,0.135,0.106,0.086,0.021,-0.128,0.136,-0.053,-0.035,0.043,-0.008,0.004,-0.072,-0.085,-0.082,-0.013,0.077,0.097,-0.029,-0.063,0.125,0.037,0.148,-0.05,-0.169,-0.038,0.1,-0.179,0.012,-0.012,-0.144,-0.334
